no,kingdom,eu_name,language,common_name
1,Animalia,"Alopochen aegyptiaca Linnaeus, 1766",Portuguese,Ganso-do-Egipto 
2,Animalia,"Callosciurus erythraeus Pallas, 1779",Portuguese, Esquilo-de-barriga-vermelha
2,Animalia,"Callosciurus erythraeus Pallas, 1779",Portuguese,Esquilo-de-Pallas
3,Animalia,"Corvus splendens Viellot, 1817",Portuguese,Corvo-indiano
4,Animalia,"Eriocheir sinensis H. Milne Edwards, 1854",Portuguese,Caranguejo-peludo-chinês 
5,Animalia,"Herpestes javanicus É. Geoffroy Saint-Hilaire, 1818",Portuguese,Mangusto-pequeno-asiático 
6,Animalia,"Lithobates (Rana) catesbeianus Shaw, 1802",Portuguese,"Rã-touro-americana, Rã-touro "
6,Animalia,"Lithobates (Rana) catesbeianus Shaw, 1802",Portuguese,Rã-touro-norte-americana 
7,Animalia,"Muntiacus reevesi Ogilby, 1839",Portuguese,Muntjac-chinês 
7,Animalia,"Muntiacus reevesi Ogilby, 1839",Portuguese,Muntjac-de-reeves
8,Animalia,"Myocastor coypus Molina, 1782",Portuguese,Ratão-d’água 
8,Animalia,"Myocastor coypus Molina, 1782",Portuguese,Ratão-do-banhado
9,Animalia,"Nasua nasua Linnaeus, 1766",Portuguese,Coati-de-cauda-anelada 
9,Animalia,"Nasua nasua Linnaeus, 1766",Portuguese,Quati-de-cauda-anelada
10,Animalia,Nyctereutes procyonoides Gray 1834,Portuguese,Cão-guaxinim
10,Animalia,Nyctereutes procyonoides Gray 1834,Portuguese,cão-mapache
11,Animalia,"Ondatra zibethicus (Linnaeus, 1766)",Portuguese,Rato-almiscarado
12,Animalia,"Orconectes limosus Rafinesque, 1817",Portuguese,Lagostim-dos-canais
13,Animalia,"Orconectes virilis Hagen, 1870",Portuguese,Lagostim-viril
14,Animalia,"Oxyura jamaicensis Gmelin, 1789",Portuguese,Pato-de-rabo-alçado-americano
15,Animalia,"Pacifastacus leniusculus Dana, 1852",Portuguese,lagostim-do-Pacífico
15,Animalia,"Pacifastacus leniusculus Dana, 1852",Portuguese,Lagostim-sinal
16,Animalia,"Perccottus glenii Dybowski, 1877",Portuguese,Peixe-dorminhoco-chinês
17,Animalia,"Procambarus clarkii Girard, 1852",Portuguese,Lagostim-vermelho-da-Louisiana
18,Animalia,"Procambarus fallax (Hagen, 1870) f. virginalis",Portuguese,Lagostim-mármore
19,Animalia,"Procyon lotor Linnaeus, 1758",Portuguese,"Guaxinim, mapache"
20,Animalia,"Pseudorasbora parva Temminck & Schlegel, 1846",Portuguese,Góbio-asiático
21,Animalia,"Sciurus carolinensis Gmelin, 1788",Portuguese,Esquilo-cinzento
22,Animalia,"Sciurus niger Linnaeus, 1758",Portuguese,Esquilo-raposa
23,Animalia,"Tamias sibiricus Laxmann, 1769",Portuguese,Esquilo Coreano
23,Animalia,"Tamias sibiricus Laxmann, 1769",Portuguese,Esquilo-da-Sibéria
23,Animalia,"Tamias sibiricus Laxmann, 1769",Portuguese,Esquilo-siberiano
24,Animalia,"Threskiornis aethiopicus Latham, 1790",Portuguese,Íbis-sagrado
25,Animalia,Trachemys scripta  subsp. elegans,Portuguese,Tartaruga de Faces Rosadas
25,Animalia,Trachemys scripta subsp. scripta,Portuguese,Tartaruga de Orelha amarellas
25,Animalia,"Trachemys scripta Schoepff, 1792",Portuguese,Tartaruga de Orelha Vermelha
25,Animalia,Trachemys scripta  subsp. elegans,Portuguese,Tartaruga-da-florida
26,Animalia,"Vespa velutina nigrithorax de Buysson, 1905",Portuguese, Vespão-asiático
26,Animalia,"Vespa velutina nigrithorax de Buysson, 1905",Portuguese,Vespa-asiática
26,Animalia,"Vespa velutina nigrithorax de Buysson, 1905",Portuguese,Vespa-velutina
27,Plantae,Alternanthera philoxeroides (Mart.) Griseb.,Portuguese,erva-de-jacaré 
27,Plantae,Alternanthera philoxeroides (Mart.) Griseb.,Portuguese,tripa-de-sapo
28,Plantae,Asclepias syriaca L.,Portuguese,algodão-bravo
29,Plantae,Baccharis halimifolia L.,Portuguese,vassoura
30,Plantae,Cabomba caroliniana Gray,Portuguese,cabomba
30,Plantae,Cabomba caroliniana Gray,Portuguese,cabomba-verde
31,Plantae,Eichhornia crassipes (Martius) Solms,Portuguese, Baroneza
31,Plantae,Eichhornia crassipes (Martius) Solms,Portuguese, Jacinto-d'água
31,Plantae,Eichhornia crassipes (Martius) Solms,Portuguese, Pavoa
31,Plantae,Eichhornia crassipes (Martius) Solms,Portuguese,aguapé
31,Plantae,Eichhornia crassipes (Martius) Solms,Portuguese,Camalote
31,Plantae,Eichhornia crassipes (Martius) Solms,Portuguese,jacinto-aquático 
31,Plantae,Eichhornia crassipes (Martius) Solms,Portuguese,jacinto-de-água; jacinto-aquático
31,Plantae,Eichhornia crassipes (Martius) Solms,Portuguese,Mururé
31,Plantae,Eichhornia crassipes (Martius) Solms,Portuguese,Pareci
31,Plantae,Eichhornia crassipes (Martius) Solms,Portuguese,Rainha-dos-lagos 
32,Plantae,Elodea nuttallii (Planch.) H. St. John,Portuguese,no common name
33,Plantae,Gunnera tinctoria (Molina) Mirbel ,Portuguese,gigante 
34,Plantae,Heracleum mantegazzianum Sommier & Levier,Portuguese,no common name
35,Plantae,Heracleum persicum Fischer,Portuguese,no common name
36,Plantae,Heracleum sosnowskyi Mandenova,Portuguese,no common name
37,Plantae,Hydrocotyle ranunculoides L. f.,Portuguese,no common name
38,Plantae,Impatiens glandulifera Royle,Portuguese,balsamina
38,Plantae,Impatiens glandulifera Royle,Portuguese,bálsamo-do-Himalaia
38,Plantae,Impatiens glandulifera Royle,Portuguese,beijo
39,Plantae,Lagarosiphon major (Ridley) Moss,Portuguese,elódea-africana
40,Plantae,Ludwigia grandiflora (Michx.) Greuter & Burdet,Portuguese,florzeiro
41,Plantae,Ludwigia peploides (Kunth) P.H. Raven,Portuguese,no common name
42,Plantae,Lysichiton americanus Hultén and St. John,Portuguese,lanterna-do-pântano
42,Plantae,Lysichiton americanus Hultén and St. John,Portuguese,repolho-de-gambá-americano
43,Plantae,Microstegium vimineum (Trin.) A.Camus,Portuguese,no common name
44,Plantae,Myriophyllum aquaticum (Vell.) Verdc.,Portuguese, milefólio-aquático
44,Plantae,Myriophyllum aquaticum (Vell.) Verdc.,Portuguese, pinheirinha-de-água
44,Plantae,Myriophyllum aquaticum (Vell.) Verdc.,Portuguese,pinheirinha
44,Plantae,Myriophyllum aquaticum (Vell.) Verdc.,Portuguese,pinheirinho
45,Plantae,Myriophyllum heterophyllum Michx.,Portuguese,no common name
46,Plantae,Parthenium hysterophorus L.,Portuguese, losna-branca
46,Plantae,Parthenium hysterophorus L.,Portuguese,coentro-do-mato
46,Plantae,Parthenium hysterophorus L.,Portuguese,fazendeiro
46,Plantae,Parthenium hysterophorus L.,Portuguese,losna-branca
46,Plantae,Parthenium hysterophorus L.,Portuguese,mentruz
46,Plantae,Parthenium hysterophorus L.,Portuguese,mentruz 
47,Plantae,Pennisetum setaceum (Forssk.) Chiov.,Portuguese,capim-do-texas 
47,Plantae,Pennisetum setaceum (Forssk.) Chiov.,Portuguese,penisetum
48,Plantae,Persicaria perfoliata (L.) H. Gross (Polygonum perfoliatum L.),Portuguese,no common name
49,Plantae,Pueraria montana (Lour.) Merr. var. lobata (Willd.) (Pueraria lobata (Willd.) Ohwi),Portuguese,Cincamas
49,Plantae,Pueraria montana (Lour.) Merr. var. lobata (Willd.) (Pueraria lobata (Willd.) Ohwi),Portuguese,Cudzu
49,Plantae,Pueraria montana (Lour.) Merr. var. lobata (Willd.) (Pueraria lobata (Willd.) Ohwi),Portuguese,Inhame-Cot-da-China
49,Plantae,Pueraria montana (Lour.) Merr. var. lobata (Willd.) (Pueraria lobata (Willd.) Ohwi),Portuguese,kudzu
